{
    "lang" : "bs_BA",
    "sections" : [
        {
            "charRules": [
                {
                    "CharRule": {
                        "id": [
                            "»",
                            "›"
                        ],
                        "actions": [
                            "INS_SPACE_BEFORE"
                        ]
                    }
                },
                {
                    "CharRule": {
                        "id": [
                            "«",
                            "‹",
                            "”",
                            "’"
                        ],
                        "actions": [
                            "DEL_SPACE_BEFORE",
                            "INS_SPACE_AFTER"
                        ]
                    }
                }
            ]
        }
    ],
    "dependency" : "default"
}
