{
    "lang" : "fr_CA",
    "sections" : [
        {
            "charRules": [
                {
                    "CharRule": {
                        "id": [
                            "«",
                            "»"
                        ],
                        "actions": [
                            "INS_SPACE_BEFORE",
                            "INS_SPACE_AFTER"
                        ]
                    }
                }
            ]
        }
    ],
    "dependency" : "default"
}
