{"comment":"","charmap":{"A":[["'A",1.0,0]],"C":[["'C",1.0,0]],"B":[["'B",1.0,0]],"E":[["'E",1.0,0]],"D":[["'D",1.0,0]],"F":[["'F",1.0,0]],"I":[["'I",1.0,0]],"H":[["'H",1.0,0]],"K":[["'K",1.0,0]],"L":[["'L",1.0,0]],"O":[["'O",1.0,0]],"N":[["'N",1.0,0]],"Q":[["'Q",1.0,0]],"P":[["'P",1.0,0]],"R":[["'R",1.0,0]],"W":[["'W",1.0,0]],"V":[["'V",1.0,0]],"a":[["à",1.0,0],["å",1.0,0],["ä",1.0,0],["â",1.0,0],["'a",1.0,0]],"c":[["'c",1.0,0],["ç",1.0,0]],"e":[["é",1.0,0],["'e",1.0,0],["è",1.0,0],["ê",1.0,0]],"d":[["'d",1.0,0]],"i":[["I",0.1,0],["I'",0.5,0],["ï",1.0,0],["'i",1.0,0]],"m":[["'m",1.0,0]],"l":[["'l",1.0,0]],"o":[["'o",1.0,0],["ö",1.0,0],["ó",1.0,0]],"n":[["'n",1.0,0],["ñ",1.0,0]],"q":[["'q",1.0,0]],"p":[["'p",1.0,0]],"s":[["'s",1.0,0]],"r":[["'r",1.0,0]],"u":[["'u",1.0,0],["û",1.0,0]],"t":[["'t",1.0,0]],"w":[["'w",1.0,0]],"v":[["'v",1.0,0]],"y":[["'y",1.0,0]]},"name":"English (United States)","variant":["en","US"],"version":[0,3],"local_name":"English (United States)"}