{
 "comment": "",
 "charmap": {
 ".": [
 [ "·", 0.5]
 ],
 "?": [
 [ "¿", 0.5],
 [ "¡", 0.5]
 ],
 "A":[
 [ "À", 1.0 ],
 [ "'A", 1.0, 0 ],
 [ "'À", 1.0, 0],
 [ "-A", 1.0, 0 ],
 [ "-À",1.0,0]
 ],
 "B": [ 
 [ "-B", 1.0, 0 ]
 ],
 "C": [
 [ "Ç", 1.0 ],
 [ "-C", 1.0, 0 ]
 ],
 "D": [[ "-D", 1.0, 0 ]],
 "E": [ 
 [ "È", 1.0 ], [ "É", 1.0 ],
 [ "'E", 1.0, 0 ],
 [ "'É", 1.0, 0 ],
 [ "-E", 1.0, 0 ]
 ],
 "F": [
 [ "-F", 1.0, 0 ]
 ],
 "G": [ [ "-G", 1.0, 0 ]
 ],
 "H": [ [ "-H", 1.0, 0 ],
 [ "'H", 1.0, 0 ]
 ],
 "I": [
 [ "Ï", 1.0 ],
 [ "Í", 1.0 ],
 [ "'I", 1.0, 0 ],
 [ "'Í", 1.0, 0 ]
 ],
 "K": [
 [ "-K", 1.0, 0 ]
 ],
 "M": [
 [ "'M", 1.0, 0 ],
 [ "-M", 1.0, 0 ]
 ],
 "L": [
 [ "-L", 1.0, 0 ],
 [ "L·", 1.0, 0 ],
 [ "'L", 1.0, 0 ]
 ],
 "N": [
 [ "Ñ", 1.0, 0 ],
 [ "'N", 1.0, 0 ],
 [ "-N", 1.0, 0 ]
 ],
 "O": [
 [ "-O", 1.0, 0 ],
 [ "Ò", 1.0 ],
 [ "Ó", 1.0 ],
 [ "'O", 1.0, 0
 ],
 [ "'Ò", 1.0, 0 ],
 [ "-Ò", 1.0, 0 ],
 [ "'Ó", 1.0, 0 ]
 ],
 "P": [
 [ "-P", 1.0, 0 ]
 ],
 "Q": [
 [ "-Q", 1.0, 0 ]
 ],
 "R": [
 [ "-R", 1.0, 0 ]
 ],
 "S": [
 [
 "'S", 1.0, 0 ],
 [
 "-S", 1.0, 0 ]
 ],
 "T": [
 [
 "'t", 1.0, 0 ]
 ],
 "U": [
 [ "Ü", 1.0 ],
 [ "Ú", 1.0 ],
 [ "'U", 1.0, 0 ],
 [ "'Ú", 1.0, 0 ],
 [ "-U", 1.0, 0 ]
 ],
 "V": [
 [ "-V", 1.0, 0 ]
 ],
 "X": [
 [ "-X", 1.0, 0 ]
 ],
 "Z": [
 [ "-Z", 1.0, 0 ]
 ],
 "a": [
 [ "à", 1.0 ],
 [ "'a", 1.0, 0 ],
 [ "-a", 1.0, 0 ],
 [ "'à", 1.0, 0 ],
 [ "-à", 1.0, 0 ]
 ],
 "b": [
 [ "-b", 1.0, 0 ]
 ],
 "c": [ 
 [ "ç", 1.0 ],
 [ "-c", 1.0, 0 ]
 ],
 "d": [
 [ "-d", 1.0, 0 ]
 ],
 "e": [
 [ "è", 1.0 ],
 [ "é", 1.0 ],
 [ "'e", 1.0, 0 ],
 [ "-e", 1.0, 0 ],
 [ "'é", 1.0, 0 ]
 ],
 "f": [
 [ "-f", 1.0, 0 ]
 ],
 "g": [
 [ "-g", 1.0, 0 ]
 ],
 "i": [
 [ "ï", 1.0 ],
 [ "í", 1.0 ], 
 [ "'i", 1.0, 0 ],
 [ "'í", 1.0, 0 ],
 [ "-i", 1.0, 0 ]
 ],
 "k": [
 [ "-k", 1.0, 0 ]
 ],
 "l": [
 [ "l·", 1.0, 0 ],
 [ "'l", 1.0, 0 ],
 [ "-l", 1.0, 0 ]
 ],
 "m": [
 [ "'m", 1.0, 0 ],
 [ "-m", 1.0, 0 ]
 ],
 "n": [
 [ "ñ", 1.0, 0 ],
 [ "'n", 1.0, 0 ],
 [ "-n", 1.0, 0 ]
 ],
 "o": [
 [ "ò", 1.0 ],
 [ "ó", 1.0 ],
 [ "'o", 1.0, 0 ],
 [ "'ò", 1.0, 0 ],
 [ "'ó", 1.0, 0 ],
 [ "-ò", 1.0, 0 ],
 [ "-o", 1.0, 0 ]
 ],
 "s": [
 [ "-s", 1.0, 0 ]
 ],
 "u": [
 [ "-u", 1.0, 0 ],
 [ "ü", 1.0 ],
 [ "ú", 1.0 ],
 [ "'u", 1.0, 0 ],
 [ "'ú", 1.0, 0 ]
 ],
 "p": [
 [ "-p", 1.0, 0 ]
 ],
 "q": [
 [ "-q", 1.0, 0 ]
 ],
 "r": [
 [ "-r", 1.0, 0 ]
 ],
 "t": [
 [ "'t", 1.0, 0 ]
 ],
 "h": [
 [ "'h", 1.0, 0 ],
 [ "-h", 1.0, 0 ]
 ],
 "v": [
 [ "-v", 1.0, 0 ]
 ],
 "x": [
 [ "-x", 1.0, 0 ]
 ],
 "z": [
 [ "-z", 1.0, 0 ]
 ]
 },
 "name": "Catalan (Spain)",
 "variant": [ "ca", "ES" ],
 "version": [ 0, 3 ],
 "local_name": "català (Espanya)"
}